{"type": "metrics", "dataset": "train", "precision": 0.3215962441314554, "balanced_accuracy": 0.6286388083565801, "recall": 0.6668783068783068, "f1_score": 0.433932383116436}
{"type": "metrics", "dataset": "test", "precision": 0.29350460494425595, "balanced_accuracy": 0.6116156885271852, "recall": 0.6353620146904512, "f1_score": 0.401525198938992}
{"type": "cm_matrix", "dataset": "train", "true_0": {"predicted_0": 9581, "predicted_1": 6647}, "true_1": {"predicted_0": 1574, "predicted_1": 3151}}
{"type": "cm_matrix", "dataset": "test", "true_0": {"predicted_0": 4158, "predicted_1": 2915}, "true_1": {"predicted_0": 695, "predicted_1": 1211}}
